<manutCCC versao="2.00" xmlns="http://www.portalfiscal.inf.br/nfe">
	<tpAmb>1</tpAmb>
	<verAplic>SP_CCC_ENV2.0.0.0</verAplic>
	<cUF>35</cUF>
	<CNPJ>5509796000126</CNPJ>
	<IE>244930938111</IE>
	<cSitIE>1</cSitIE>
	<cSitCNPJ>1</cSitCNPJ>
	<dSit>2006-11-29</dSit>
	<infCad>
		<xNome>MARCIA ROSANA VENTURA PINTO ME</xNome>
		<xFant>VENTURA EQUIPAMENTOS P COZINHAS INDUSTRIAIS BARES RESTA</xFant>
		<tpIE>1</tpIE>
		<indIEDestOpc>0</indIEDestOpc>
		<porte>0</porte>
		<regTrib>9</regTrib>
		<UFEnder>SP</UFEnder>
		<CNAE>4753900</CNAE>
		<dIniAtiv>2003-02-26</dIniAtiv>
		<cMun>3509502</cMun>
	</infCad>
	<infEnder>
		<xLgr>NAO CADASTRADO NAO INFORMADO</xLgr>
		<nro>SN</nro>
		<xBairro>NAO INFORMADO</xBairro>
		<CEP/>
	</infEnder>
</manutCCC>
<manutCCC versao="2.00" xmlns="http://www.portalfiscal.inf.br/nfe">
	<tpAmb>1</tpAmb>
	<verAplic>SP_CCC_ENV2.0.0.0</verAplic>
	<cUF>35</cUF>
	<CNPJ>4192783000103</CNPJ>
	<IE>824011091115</IE>
	<cSitIE>1</cSitIE>
	<cSitCNPJ>1</cSitCNPJ>
	<dSit>2013-10-25</dSit>
	<infCad>
		<xNome>BLAN IND. METALURGICA LTDA</xNome>
		<xFant>BLAN LUMINARIAS</xFant>
		<tpIE>2</tpIE>
		<indIEDestOpc>0</indIEDestOpc>
		<porte>0</porte>
		<regTrib>9</regTrib>
		<UFEnder>SC</UFEnder>
		<CNAE>2740602</CNAE>
		<dIniAtiv>2013-10-25</dIniAtiv>
		<cMun/>
	</infCad>
	<infEnder>
		<xLgr>RUA VEREADOR ARGEU BARBOSA DE CAMARGO</xLgr>
		<nro>100</nro>
		<xCpl>COND  INDUSTRIAL EFAISLO</xCpl>
		<xBairro>INDUSTRIAL</xBairro>
		<CEP>89990000</CEP>
	</infEnder>
</manutCCC>
<manutCCC versao="2.00" xmlns="http://www.portalfiscal.inf.br/nfe">
	<tpAmb>1</tpAmb>
	<verAplic>SP_CCC_ENV2.0.0.0</verAplic>
	<cUF>35</cUF>
	<CNPJ>4019685000179</CNPJ>
	<IE>821011027118</IE>
	<cSitIE>1</cSitIE>
	<cSitCNPJ>1</cSitCNPJ>
	<dSit>2011-05-26</dSit>
	<infCad>
		<xNome>VITIVINICOLA CORDILHEIRA DE SANT'ANA LTDA - EPP</xNome>
		<tpIE>2</tpIE>
		<indIEDestOpc>0</indIEDestOpc>
		<porte>0</porte>
		<regTrib>9</regTrib>
		<UFEnder>RS</UFEnder>
		<CNAE>7020400</CNAE>
		<dIniAtiv>2011-05-26</dIniAtiv>
		<cMun/>
	</infCad>
	<infEnder>
		<xLgr>VILA PALOMAS</xLgr>
		<nro>S/N</nro>
		<xBairro>1 SUBDISTRITO</xBairro>
		<CEP>97573970</CEP>
	</infEnder>
</manutCCC>
<manutCCC versao="2.00" xmlns="http://www.portalfiscal.inf.br/nfe">
	<tpAmb>1</tpAmb>
	<verAplic>SP_CCC_ENV2.0.0.0</verAplic>
	<cUF>35</cUF>
	<CNPJ>3106170000305</CNPJ>
	<IE>824011204116</IE>
	<cSitIE>1</cSitIE>
	<cSitCNPJ>1</cSitCNPJ>
	<dSit>2013-12-20</dSit>
	<infCad>
		<xNome>JCS BRASIL ELETRODOMESTICOS S.A.</xNome>
		<tpIE>2</tpIE>
		<indIEDestOpc>0</indIEDestOpc>
		<porte>0</porte>
		<regTrib>9</regTrib>
		<UFEnder>SC</UFEnder>
		<CNAE>4649401</CNAE>
		<dIniAtiv>2013-12-20</dIniAtiv>
		<cMun/>
	</infCad>
	<infEnder>
		<xLgr>AVENIDA TAKATA</xLgr>
		<nro>3309</nro>
		<xCpl>SALA  02</xCpl>
		<xBairro>NOSSA SENHORA DA CONCEICAO</xBairro>
		<CEP>88380000</CEP>
	</infEnder>
</manutCCC>
<manutCCC versao="2.00" xmlns="http://www.portalfiscal.inf.br/nfe">
	<tpAmb>1</tpAmb>
	<verAplic>SP_CCC_ENV2.0.0.0</verAplic>
	<cUF>35</cUF>
	<CNPJ>3106170000224</CNPJ>
	<IE>824010430110</IE>
	<cSitIE>1</cSitIE>
	<cSitCNPJ>1</cSitCNPJ>
	<dSit>2012-11-05</dSit>
	<infCad>
		<xNome>JCS BRASIL ELETRODOMESTICOS S.A.</xNome>
		<tpIE>2</tpIE>
		<indIEDestOpc>0</indIEDestOpc>
		<porte>0</porte>
		<regTrib>9</regTrib>
		<UFEnder>SC</UFEnder>
		<CNAE>4649401</CNAE>
		<dIniAtiv>2012-11-05</dIniAtiv>
		<cMun/>
	</infCad>
	<infEnder>
		<xLgr>AVENIDA TAKATA</xLgr>
		<nro>3309</nro>
		<xCpl>GALPAOPARTE</xCpl>
		<xBairro>NOSSA SENHORA DA CONCEICAO</xBairro>
		<CEP>88380000</CEP>
	</infEnder>
</manutCCC>